,Car 1,Car 2
0,2101.811,72.80499999999999
1,1028.2549999999999,97.77199999999999
2,115.731,57.842
